{"UjiM3EjAvi/p2TA/Kq9CFA==":"logo-icon-121x121.png","NAn3IwXU+kOLoeOKdn8wNg==":"mbr-1920x1280.jpg","+4HYyiAcQ2CqfDZQ9WB27w==":"logo%20rindu%20ronde-360x154.png","+30A3+gKJrRExrc84QX3Vw==":"mbr-1920x1277.jpg","+ft7R+05BSL15qp+bDX/XQ==":"mbr-1-1920x1277.jpg","+8USUtD+NqSylWETafPDjg==":"mbr-1920x1258.jpg","QBVkoPA14OighMRYphi8HQ==":"mbr-1920x1281.jpg","mReVdCIfF/1K+9lcqb9dyw==":"mbr-1280x853.jpg","wUeBzETv3ZhIWarXW1HH2g==":"mbr-1920x1357.jpg","kDI20JT6lKuMn1xZLF8QaA==":"rindu%20ronde%20wedang%20asle-639x959.jpg","QDsH6PxR+mw2Mky6LVBaaQ==":"rindu%20ronde%20wedang%20kacang-639x959.jpg","hHPkCsD2XSoiZZh2tO2QcQ==":"rindu%20ronde%20wedang%20rindu-640x960.jpg","0hS4x8vMHu334pNn/sNCIg==":"rindu%20ronde%20wedang%20ronde-640x960.jpg","tTTMYrrwXNYcpGpDtxu1LA==":"rindu%20ronde%20wedang%20jahe%20susu-640x960.jpg","WjXO1yBWIIuRfIbtTDLN4w==":"rindu%20ronde%20wedang%20jahe-639x959.jpg"}